,accuracy,roc_auc,cv_mean,cv_std
Logistic Regression,0.9833333333333333,0.9993194444444444,0.9808333333333333,0.0020412414523193075
Random Forest,0.99,0.9991249999999999,0.9891666666666667,0.007264831572567808
XGBoost,0.9866666666666667,0.9995833333333334,0.9916666666666666,0.004564354645876408
SVM,0.9566666666666667,0.9974305555555556,0.9441666666666666,0.018181186857726198
